{
  "id": "acode.plugin.sass",
  "name": "Live SASS",
  "type": "freemium",
  "main": "dist/main.js",
  "version": "1.0.3",
  "readme": "readme.md",
  "icon": "icon.png",
  "files": [
    "7ab53a38be8d6aa4e715.js",
    "382316b7268260cd9ead.js",
    "7ab53a38be8d6aa4e715.js.LICENSE.txt",
    "main.js.LICENSE.txt",
    "6c667b391e97122c845a.js",
    "6c667b391e97122c845a.js.LICENSE.txt"
  ],
  "author": {
    "name": "Acode",
    "email": "acode@foxdebug.com",
    "github": "https://github.com/deadlyjack"
  }
}